Workbook

Sheet levels
A1: Year | B1: step change | C1: step change + res | D1: step change + DC | E1: step change + DC + res | F1: step change + DC + no foresight
A2: 2025 | B2: 8.8969173 | C2: 7.0419583 | D2: 8.8969173 | E2: 7.0419583 | F2: 8.8969173
A3: 2026 | B3: 9.4929857 | C3: 7.2964034 | D3: 9.4929857 | E3: 7.2964034 | F3: 9.5354338
A4: =A3+1 -> 2027 | B4: 9.8692703 | C4: 7.5518761 | D4: 9.8692703 | E4: 7.5518761 | F4: 9.8431044
A5: =A4+1 -> 2028 | B5: 9.7106304 | C5: 7.190135 | D5: 9.889864 | E5: 7.3417335 | F5: 9.8491297
A6: =A5+1 -> 2029 | B6: 14.562199 | C6: 8.6613379 | D6: 14.788675 | E6: 9.0918579 | F6: 13.487704
A7: =A6+1 -> 2030 | B7: 13.360084 | C7: 8.980216 | D7: 13.231466 | E7: 8.4331503 | F7: 13.231934
A8: =A7+1 -> 2031 | B8: 15.804704 | C8: 8.4013939 | D8: 13.914154 | E8: 11.388803 | F8: 13.153555
A9: =A8+1 -> 2032 | B9: 16.175226 | C9: 11.278259 | D9: 13.839704 | E9: 11.275951 | F9: 13.149076
A10: =A9+1 -> 2033 | B10: 15.805749 | C10: 10.525757 | D10: 13.50091 | E10: 13.267797 | F10: 13.054612
A11: =A10+1 -> 2034 | B11: 16.110806 | C11: 13.358588 | D11: 13.621783 | E11: 13.399158 | F11: 13.044724
A12: =A11+1 -> 2035 | B12: 16.164091 | C12: 13.923603 | D12: 14.250352 | E12: 13.776923 | F12: 13.089894
A13: =A12+1 -> 2036 | B13: 14.089212 | C13: 13.434004 | D13: 13.354922 | E13: 13.311334 | F13: 12.826221
A14: =A13+1 -> 2037 | B14: 14.1311 | C14: 13.180246 | D14: 13.338447 | E14: 12.940492 | F14: 12.80684
A15: =A14+1 -> 2038 | B15: 13.312107 | C15: 12.605925 | D15: 13.228297 | E15: 12.288277 | F15: 12.767673
... A27: =A26+1 -> 2050 | B27: 13.111099 | C27: 9.5198202 | D27: 12.796531 | E27: 11.201615 | F27: 12.281209

Sheet percent change
A1: Year | B1: step change | C1: step change + res | D1: step change + DC | E1: step change + DC + res | F1: step change + DC + no foresight
A2: 2025 | B2: =levels!B2/levels!$B2*100-100 -> 0 | C2: =levels!C2/levels!$B2*100-100 -> -20.849458 | D2: =levels!D2/levels!$B2*100-100 -> 0 | E2: =levels!E2/levels!$B2*100-100 -> -20.849458 | F2: =levels!F2/levels!$B2*100-100 -> 0
A3: 2026 | B3: =levels!B3/levels!$B3*100-100 -> 0 | C3: =levels!C3/levels!$B3*100-100 -> -23.139004 | D3: =levels!D3/levels!$B3*100-100 -> 0 | E3: =levels!E3/levels!$B3*100-100 -> -23.139004 | F3: =levels!F3/levels!$B3*100-100 -> 0.44715167
A4: =A3+1 -> 2027 | B4: =levels!B4/levels!$B4*100-100 -> 0 | C4: =levels!C4/levels!$B4*100-100 -> -23.480908 | D4: =levels!D4/levels!$B4*100-100 -> 0 | E4: =levels!E4/levels!$B4*100-100 -> -23.480908 | F4: =levels!F4/levels!$B4*100-100 -> -0.2651256
A5: =A4+1 -> 2028 | B5: =levels!B5/levels!$B5*100-100 -> 0 | C5: =levels!C5/levels!$B5*100-100 -> -25.956043 | D5: =levels!D5/levels!$B5*100-100 -> 1.8457458 | E5: =levels!E5/levels!$B5*100-100 -> -24.394883 | F5: =levels!F5/levels!$B5*100-100 -> 1.4262644
A6: =A5+1 -> 2029 | B6: =levels!B6/levels!$B6*100-100 -> 0 | C6: =levels!C6/levels!$B6*100-100 -> -40.521771 | D6: =levels!D6/levels!$B6*100-100 -> 1.5552368 | E6: =levels!E6/levels!$B6*100-100 -> -37.565349 | F6: =levels!F6/levels!$B6*100-100 -> -7.3786548
A7: =A6+1 -> 2030 | B7: =levels!B7/levels!$B7*100-100 -> 0 | C7: =levels!C7/levels!$B7*100-100 -> -32.783235 | D7: =levels!D7/levels!$B7*100-100 -> -0.96269822 | E7: =levels!E7/levels!$B7*100-100 -> -36.878012 | F7: =levels!F7/levels!$B7*100-100 -> -0.95920048
A8: =A7+1 -> 2031 | B8: =levels!B8/levels!$B8*100-100 -> 0 | C8: =levels!C8/levels!$B8*100-100 -> -46.842446 | D8: =levels!D8/levels!$B8*100-100 -> -11.961943 | E8: =levels!E8/levels!$B8*100-100 -> -27.940424 | F8: =levels!F8/levels!$B8*100-100 -> -16.774429
A9: =A8+1 -> 2032 | B9: =levels!B9/levels!$B9*100-100 -> 0 | C9: =levels!C9/levels!$B9*100-100 -> -30.274488 | D9: =levels!D9/levels!$B9*100-100 -> -14.438887 | E9: =levels!E9/levels!$B9*100-100 -> -30.288756 | F9: =levels!F9/levels!$B9*100-100 -> -18.708553
A10: =A9+1 -> 2033 | B10: =levels!B10/levels!$B10*100-100 -> 0 | C10: =levels!C10/levels!$B10*100-100 -> -33.405517 | D10: =levels!D10/levels!$B10*100-100 -> -14.582284 | E10: =levels!E10/levels!$B10*100-100 -> -16.057148 | F10: =levels!F10/levels!$B10*100-100 -> -17.405925
A11: =A10+1 -> 2034 | B11: =levels!B11/levels!$B11*100-100 -> 0 | C11: =levels!C11/levels!$B11*100-100 -> -17.083052 | D11: =levels!D11/levels!$B11*100-100 -> -15.449397 | E11: =levels!E11/levels!$B11*100-100 -> -16.831238 | F11: =levels!F11/levels!$B11*100-100 -> -19.031215
A12: =A11+1 -> 2035 | B12: =levels!B12/levels!$B12*100-100 -> 0 | C12: =levels!C12/levels!$B12*100-100 -> -13.860897 | D12: =levels!D12/levels!$B12*100-100 -> -11.839448 | E12: =levels!E12/levels!$B12*100-100 -> -14.76834 | F12: =levels!F12/levels!$B12*100-100 -> -19.01868
A13: =A12+1 -> 2036 | B13: =levels!B13/levels!$B13*100-100 -> 0 | C13: =levels!C13/levels!$B13*100-100 -> -4.6504273 | D13: =levels!D13/levels!$B13*100-100 -> -5.2117187 | E13: =levels!E13/levels!$B13*100-100 -> -5.5210947 | F13: =levels!F13/levels!$B13*100-100 -> -8.964241
A14: =A13+1 -> 2037 | B14: =levels!B14/levels!$B14*100-100 -> 0 | C14: =levels!C14/levels!$B14*100-100 -> -6.7287994 | D14: =levels!D14/levels!$B14*100-100 -> -5.609281 | E14: =levels!E14/levels!$B14*100-100 -> -8.4254449 | F14: =levels!F14/levels!$B14*100-100 -> -9.3712435
A15: =A14+1 -> 2038 | B15: =levels!B15/levels!$B15*100-100 -> 0 | C15: =levels!C15/levels!$B15*100-100 -> -5.3048137 | D15: =levels!D15/levels!$B15*100-100 -> -0.62957616 | E15: =levels!E15/levels!$B15*100-100 -> -7.6909719 | F15: =levels!F15/levels!$B15*100-100 -> -4.0897627
... A27: =A26+1 -> 2050 | B27: =levels!B27/levels!$B27*100-100 -> 0 | C27: =levels!C27/levels!$B27*100-100 -> -27.391136 | D27: =levels!D27/levels!$B27*100-100 -> -2.3992536 | E27: =levels!E27/levels!$B27*100-100 -> -14.563874 | F27: =levels!F27/levels!$B27*100-100 -> -6.3296771
